{
  "profile_key": "house",
  "samples_count": 59,
  "bands_norm_stats": {
    "sub": {
      "mean": 0.22112644538615553,
      "std": 0.04123393710607201
    },
    "low": {
      "mean": 0.34529314552939644,
      "std": 0.032375599560097355
    },
    "lowmid": {
      "mean": 0.07886346308536786,
      "std": 0.020339691153261088
    },
    "mid": {
      "mean": 0.16289634547382983,
      "std": 0.026989752225751795
    },
    "presence": {
      "mean": 0.05941782119886344,
      "std": 0.014833644918944355
    },
    "air": {
      "mean": 0.04005282006448382,
      "std": 0.010984585759544861
    },
    "high": {
      "mean": 0.09234995926045635,
      "std": 0.019410729562577906
    }
  },
  "features_stats": {
    "lufs": {
      "mean": -9.370847457627118,
      "std": 1.3616195834823819
    },
    "bpm": {
      "mean": 119.72881355932203,
      "std": 10.61851101399324
    },
    "key_confidence": {
      "mean": 0.9571576101811473,
      "std": 0.014075652705309841
    },
    "spectral_centroid_hz": {
      "mean": 4144.856440677966,
      "std": 594.2364789367796
    },
    "spectral_rolloff_hz": {
      "mean": 13024.668644067799,
      "std": 1191.9264309243508
    },
    "spectral_bandwidth_hz": {
      "mean": 4406.135423728813,
      "std": 390.5520895688918
    },
    "spectral_flatness": {
      "mean": 0.1978728813559322,
      "std": 0.0514397633344038
    },
    "zero_crossing_rate": {
      "mean": 0.07525423728813559,
      "std": 0.02117373390779
    }
  }
}