{
  "profile_key": "minimal_house",
  "samples_count": 44,
  "bands_norm_stats": {
    "sub": {
      "mean": 0.22966194890158703,
      "std": 0.04735779456058369
    },
    "low": {
      "mean": 0.36461504513901394,
      "std": 0.044072869848517604
    },
    "lowmid": {
      "mean": 0.08897412272209054,
      "std": 0.02216124938122217
    },
    "mid": {
      "mean": 0.17757233743360082,
      "std": 0.04080140295330637
    },
    "presence": {
      "mean": 0.042196888022350394,
      "std": 0.012355667057117539
    },
    "air": {
      "mean": 0.029763386470564587,
      "std": 0.014495406186247272
    },
    "high": {
      "mean": 0.06721627130915263,
      "std": 0.024924143737948077
    }
  },
  "features_stats": {
    "lufs": {
      "mean": -10.10772727272727,
      "std": 1.834148764776708
    },
    "bpm": {
      "mean": 124.43181818181819,
      "std": 8.403758094192636
    },
    "key_confidence": {
      "mean": 0.966059620678769,
      "std": 0.013927821539140966
    },
    "spectral_centroid_hz": {
      "mean": 3053.784090909091,
      "std": 1005.8346150182552
    },
    "spectral_rolloff_hz": {
      "mean": 11094.983863636362,
      "std": 2150.698722618017
    },
    "spectral_bandwidth_hz": {
      "mean": 3769.225,
      "std": 701.0931707332751
    },
    "spectral_flatness": {
      "mean": 0.042525,
      "std": 0.011489552888663481
    },
    "zero_crossing_rate": {
      "mean": 0.045634090909090916,
      "std": 0.021065390365415906
    }
  }
}