{
  "profile_key": "minimal_deep_tech",
  "samples_count": 51,
  "bands_norm_stats": {
    "sub": {
      "mean": 0.23055628675447187,
      "std": 0.047384937963962884
    },
    "low": {
      "mean": 0.3751468450751755,
      "std": 0.04033780493233871
    },
    "lowmid": {
      "mean": 0.08056406333370847,
      "std": 0.01803411451539194
    },
    "mid": {
      "mean": 0.15334985075036386,
      "std": 0.02696870585566662
    },
    "presence": {
      "mean": 0.04715456195999743,
      "std": 0.0121370883932464
    },
    "air": {
      "mean": 0.0351798821637676,
      "std": 0.011385819664218465
    },
    "high": {
      "mean": 0.07804850996109017,
      "std": 0.018595881730173767
    }
  },
  "features_stats": {
    "lufs": {
      "mean": -9.370784313725489,
      "std": 0.993579072117071
    },
    "bpm": {
      "mean": 128.09803921568627,
      "std": 5.9000166167928185
    },
    "key_confidence": {
      "mean": 0.9554138838116785,
      "std": 0.013642090826561776
    },
    "spectral_centroid_hz": {
      "mean": 3633.6850980392155,
      "std": 661.1940012897048
    },
    "spectral_rolloff_hz": {
      "mean": 12016.58254901961,
      "std": 921.7853063394822
    },
    "spectral_bandwidth_hz": {
      "mean": 4098.8517647058825,
      "std": 338.1292389291756
    },
    "spectral_flatness": {
      "mean": 0.04733333333333334,
      "std": 0.006162780757634225
    },
    "zero_crossing_rate": {
      "mean": 0.05756666666666667,
      "std": 0.024222061569293945
    }
  }
}