{
  "profile_key": "tech_house",
  "samples_count": 77,
  "bands_norm_stats": {
    "sub": {
      "mean": 0.23580783505174405,
      "std": 0.04168480077414895
    },
    "low": {
      "mean": 0.34756399005071287,
      "std": 0.03050775385135338
    },
    "lowmid": {
      "mean": 0.07368657804675004,
      "std": 0.016350770649325847
    },
    "mid": {
      "mean": 0.1568198536889513,
      "std": 0.03107495590866475
    },
    "presence": {
      "mean": 0.05589815718544974,
      "std": 0.01154597175802632
    },
    "air": {
      "mean": 0.040488640579991596,
      "std": 0.01028481041887621
    },
    "high": {
      "mean": 0.08973494539513174,
      "std": 0.01736897954938182
    }
  },
  "features_stats": {
    "lufs": {
      "mean": -8.521948051948053,
      "std": 1.0030401667995457
    },
    "bpm": {
      "mean": 123.96103896103897,
      "std": 8.936091160129594
    },
    "key_confidence": {
      "mean": 0.9603263916370118,
      "std": 0.009944936542873409
    },
    "spectral_centroid_hz": {
      "mean": 4249.604675324676,
      "std": 573.2104716410076
    },
    "spectral_rolloff_hz": {
      "mean": 13399.105584415585,
      "std": 1041.4934206193543
    },
    "spectral_bandwidth_hz": {
      "mean": 4542.001428571429,
      "std": 365.59021455116095
    },
    "spectral_flatness": {
      "mean": 0.21015974025974024,
      "std": 0.04778756791572541
    },
    "zero_crossing_rate": {
      "mean": 0.07024155844155845,
      "std": 0.019175212553885063
    }
  }
}